marca,nome_cor,preco_painel,url_imagem
duratex,Produtos - Duratex - Painéis de MDF e MDP,330,https://www.duratexmadeira.com.br/assets/2022/02/Duratex_Ambiente-Azul-Astral_590x370px-162x162.jpg
duratex,Amêndola Rústica,330,https://www.duratexmadeira.com.br/assets/2019/08/Amendola-Rustica_Duna_2880x2160x-scaled.jpg.webp
duratex,Azul Secreto,330,https://www.duratexmadeira.com.br/assets/2017/06/azul-secreto-ambiente-976x468-1.jpg
duratex,Branco Diamante - Linha Cristallo,330,https://www.duratexmadeira.com.br/assets/2019/08/linha-cristallo-ambiente-branco-diamante-842x533-590x370.jpg
duratex,Branco Diamante - Linha Essencial,330,https://www.duratexmadeira.com.br/assets/2019/08/slider-ambiente-branco-essencial-nova.png.webp
duratex,Branco Diamante - Linha Trama,330,https://www.duratexmadeira.com.br/assets/2019/08/linha-trama-ambiente-branco-diamante-842x533-590x370.jpg
duratex,Carvalho Avelã,330,https://www.duratexmadeira.com.br/assets/2021/06/carvalho-avela-portoro-prata-590x370px.jpg.webp
duratex,Carvalho Batur,330,https://www.duratexmadeira.com.br/assets/2017/06/carvalho-batur-padrao-essencial-wood-976x468-1-1.jpg.webp
duratex,Carvalho Berlin,330,https://www.duratexmadeira.com.br/assets/2021/06/carvalho-berlin-hong-kong-lana-590x370px.jpg.webp
duratex,Brise,330,https://www.duratexmadeira.com.br/assets/2020/03/Brise-842x533px-590x370.jpg
duratex,Cumaru Raiz,330,https://www.duratexmadeira.com.br/assets/2020/02/Cumaru-842x533px-590x370.jpg
duratex,Freijó Puro,330,https://www.duratexmadeira.com.br/assets/2019/08/freijo-puro-hong-kong-verde-real-590x370px.jpg.webp
duratex,Gianduia - Linha Cristallo,330,https://www.duratexmadeira.com.br/assets/2019/08/linha-cristallo-ambiente-gianduia-842x533-590x370.jpg
duratex,Lana,330,https://www.duratexmadeira.com.br/assets/2018/07/lana-ambiente-conceito-976x468-1.jpg.webp
duratex,Mint,330,https://www.duratexmadeira.com.br/assets/2019/08/mint-carvalho-luar-portoro-590x370px.jpg
duratex,Nogueira Caiena,330,https://www.duratexmadeira.com.br/assets/2017/06/nogueira-caiena-padrao-design-976x468-1.jpg.webp
duratex,Nogueira Thar,330,https://www.duratexmadeira.com.br/assets/2019/08/nogueira-thar-eclipse-verde-real-590x370px.jpg.webp
duratex,Opala,330,https://www.duratexmadeira.com.br/assets/2017/06/opala-ambiente-cristallo-976x468-1.jpg.webp
duratex,Pérola Urbana,330,https://www.duratexmadeira.com.br/assets/2017/06/perola-urbana-padrao-essencial-976x468-1.jpg
duratex,Portoro,330,https://www.duratexmadeira.com.br/assets/2019/08/portoro-carvalho-luar-croma-590x370px.jpg.webp
duratex,Prata,330,https://www.duratexmadeira.com.br/assets/2019/08/prata-thassos-eclipse-590x370px.jpg.webp
duratex,Preto - Linha Trama,330,https://www.duratexmadeira.com.br/assets/2019/08/590x370-Preto_Trama.jpg.webp
duratex,Preto - Linha Cristallo,330,https://www.duratexmadeira.com.br/assets/2019/08/linha-cristallo-ambiente-preto-842x533-590x370.jpg
duratex,Riviera,330,https://www.duratexmadeira.com.br/assets/2019/08/riviera-hong-kong-gobi-590x370px.jpg
duratex,Titânio - Linha Cristallo,330,https://www.duratexmadeira.com.br/assets/2019/08/linha-cristallo-ambiente-titanio-842x533-590x370.jpg
duratex,Titânio - Linha Trama,330,https://www.duratexmadeira.com.br/assets/2019/08/linha-trama-ambiente-titanio-842x533-590x370.jpg
duratex,Arenito,330,https://www.duratexmadeira.com.br/assets/2020/03/Arenito2-842x533px-590x370.jpg
duratex,Aurora,330,https://www.duratexmadeira.com.br/assets/2019/08/Aurora_Trama_3110x2160px-scaled.jpg.webp
duratex,Branco Ártico - Linha Original,330,https://www.duratexmadeira.com.br/assets/2019/08/590x370-branco-original.jpg.webp
duratex,Carvalho Hanover,330,https://www.duratexmadeira.com.br/assets/2019/08/slider-ambiente-hanover.png.webp
duratex,Carvalho Munique,330,https://www.duratexmadeira.com.br/assets/2019/08/linha-design-ambiente-carvalho-munique-842x533-590x370.jpg
duratex,Cinza Sagrado - Linha Essencial,330,https://www.duratexmadeira.com.br/assets/2019/08/Cinza-Sagrado_Essencial_3026x2160px-590x370.jpg
duratex,Cinza Sagrado,330,https://www.duratexmadeira.com.br/assets/2021/06/cinza-sagrado-cristallo-thassos-croma-590x370px.jpg
duratex,Cristal,330,https://www.duratexmadeira.com.br/assets/2021/06/cristal-carvalho-eterno-sirena-590x370px.jpg
duratex,Gianduia - Linha Trama,330,https://www.duratexmadeira.com.br/assets/2019/08/slider-ambiente-gianduia.png.webp
duratex,Grafite,330,https://www.duratexmadeira.com.br/assets/2019/08/linha-trama-ambiente-grafite-842x533-590x370.jpg
duratex,Noce Amêndoa,330,https://www.duratexmadeira.com.br/assets/2019/08/noce-amendoa-portoro-eclipse-590x370px.jpg.webp
duratex,Noce Mare,330,https://www.duratexmadeira.com.br/assets/2019/08/noce-mare-steel-arenito-590x370px.jpg.webp
duratex,Ovo,330,https://www.duratexmadeira.com.br/assets/2019/08/ovo-carvalho-eterno-portoro-590x370px.jpg
duratex,Thassos,330,https://www.duratexmadeira.com.br/assets/2019/08/thassos-nobile-metropole-590x370px.jpg.webp
duratex,Ocre Solar,330,https://www.duratexmadeira.com.br/assets/2022/02/590x370-ocre-solar.jpg
duratex,Verde Floresta,330,https://www.duratexmadeira.com.br/assets/2022/03/590x370-verde-floresta.jpg.webp
duratex,Rosa Infinito,330,https://www.duratexmadeira.com.br/assets/2021/06/S_Ambiente_Essencial_Rosa-Infinito.png.webp
duratex,Moss,330,https://www.duratexmadeira.com.br/assets/2023/02/Moss-590x370-1-1-1.png.webp
duratex,Bétula,330,https://www.duratexmadeira.com.br/assets/2024/02/BETULA-copiar-1.png.webp
duratex,Azul Profundo,330,https://www.duratexmadeira.com.br/assets/2024/02/AZUL-PROFUNDO-1.png.webp
duratex,Nogueira Asti,330,https://www.duratexmadeira.com.br/assets/2024/02/NOGUEIRA-ASTIS-copiar-1.png.webp
duratex,Linho Belga,330,https://www.duratexmadeira.com.br/assets/2024/02/LINHO-BELGA-copiar-1.png.webp
duratex,Fusion,330,https://www.duratexmadeira.com.br/assets/2024/02/fusion1-1.png.webp
duratex,Teka Soho,330,https://www.duratexmadeira.com.br/assets/2024/02/TEKA-SOHO-1-copiar-1.png.webp
duratex,Downtown,330,https://www.duratexmadeira.com.br/assets/2024/02/DOWNTOWN-SERRA-copiar-1.png.webp
duratex,Gianduia Puro,330,https://www.duratexmadeira.com.br/assets/2024/02/GIANDUIA-PURO-1.png.webp
duratex,Rovere Braga,330,https://www.duratexmadeira.com.br/assets/2024/02/ROVERE-BRAGA-2-copiar-3.png.webp
duratex,Blush,330,https://www.duratexmadeira.com.br/assets/2024/02/BLUSH-copiar-1.png.webp
duratex,Carvalho Dian,330,https://www.duratexmadeira.com.br/assets/2023/06/CarvalhoDianAmbiente590x370.png.webp
duratex,Nogueira Flórida,330,https://www.duratexmadeira.com.br/assets/2023/02/NogueiraFlorida-590x370-1.png.webp
duratex,Nazca,330,https://www.duratexmadeira.com.br/assets/2023/02/Nazca-590x370-1-1-1.png.webp
duratex,Quartzo Bienna,330,https://www.duratexmadeira.com.br/assets/2023/02/Quartzo-Bienna.png.webp
duratex,Gianduia Natural,330,https://www.duratexmadeira.com.br/assets/2023/02/GianduiaNatural-590x370-1-1.png.webp
duratex,Cinza Fóssil,330,https://www.duratexmadeira.com.br/assets/2023/02/Cinza-Fossil-590x370-1-1.png.webp
duratex,Azul Astral,330,https://www.duratexmadeira.com.br/assets/2022/02/590x370-azul-astral.jpg.webp
duratex,Palha,330,https://www.duratexmadeira.com.br/assets/2022/02/Duratex_Ambiente-Palha_590x370px.jpg
duratex,Oásis,330,https://www.duratexmadeira.com.br/assets/2022/02/Duratex_Ambiente-Oasis_590x370px.jpg
duratex,Pinole,330,https://www.duratexmadeira.com.br/assets/2021/06/S_Ambiente_Essencial_Pinole.png.webp
duratex,Pau Ferro Natural,330,https://www.duratexmadeira.com.br/assets/2021/06/S_Ambiente_Essencial-Wood_Pau-Ferro-Natural.png.webp
duratex,Jequitibá Rosa,330,https://www.duratexmadeira.com.br/assets/2021/06/S_Ambiente_Essencial-Wood_Jequitiba-Rosa.png.webp
duratex,Absoluto,330,https://www.duratexmadeira.com.br/assets/2021/06/Absoluto_Design_2778x2160px-scaled.jpg.webp
duratex,Branco Ártico - Linha Trama,330,https://www.duratexmadeira.com.br/assets/2021/05/Branco-Artico_Trama_2880x2160px-scaled.jpg.webp
duratex,Larnaca,330,https://www.duratexmadeira.com.br/assets/2019/08/slider-ambiente-larnaca.png.webp
duratex,Preto Acetinatta - Duratex - Painéis de MDF e MDP,330,https://www.duratexmadeira.com.br/assets/2023/03/Preto-590x370-1.png.webp
duratex,Tartufo,330,https://www.duratexmadeira.com.br/assets/2023/03/Tartufo-590x370-1.png.webp
duratex,Branco Diamante,330,https://www.duratexmadeira.com.br/assets/2023/03/Branco-Diamante-590x370-1.png.webp
duratex,Nogueira Bourbon,330,https://www.duratexmadeira.com.br/assets/2025/02/nogueira-bourbon-1.png
duratex,Pérola Absoluto,330,https://www.duratexmadeira.com.br/assets/2025/02/perola-absoluto-1.png
duratex,Zinco,330,https://www.duratexmadeira.com.br/assets/2025/02/zinco-1.png
duratex,Off-White Suave,330,https://www.duratexmadeira.com.br/assets/2024/02/OFF-WHITE-SUAVE-2-copiar-1.png.webp
duratex,Moss Absoluto,330,https://www.duratexmadeira.com.br/assets/2025/02/moss-absoluto-1.png
duratex,Carvalho Lir,330,https://www.duratexmadeira.com.br/assets/2023/06/CarvalhoLirAmbiente590x370.png.webp
duratex,Galáxia,330,https://www.duratexmadeira.com.br/assets/2023/08/Galaxia.png.webp
duratex,Partitura,330,https://www.duratexmadeira.com.br/assets/2023/08/Partitura.png.webp
duratex,Cosmos,330,https://www.duratexmadeira.com.br/assets/2023/08/Cosmos.png.webp
duratex,Encontros,330,https://www.duratexmadeira.com.br/assets/2023/08/Encontros.png.webp
duratex,Camadas Brasileiras,330,https://www.duratexmadeira.com.br/assets/2023/08/CamadasBrasileiras.png.webp
duratex,Ginga com Tapioca,330,https://www.duratexmadeira.com.br/assets/2023/08/GingaComTapica.png.webp
duratex,Legno,330,https://www.duratexmadeira.com.br/assets/2023/08/Legno.png.webp
duratex,Chevron,330,https://www.duratexmadeira.com.br/assets/2023/08/Chevron.png.webp
duratex,Delicate,330,https://www.duratexmadeira.com.br/assets/2023/08/Delicate.png.webp
duratex,Canelado,330,https://www.duratexmadeira.com.br/assets/2023/08/Canelado.png.webp
duratex,Calacata Gold,330,https://www.duratexmadeira.com.br/assets/2023/08/CalatacaGold.png.webp
duratex,Rock,330,https://www.duratexmadeira.com.br/assets/2023/06/rock-ambiente-590x370-1.png.webp
duratex,Zen,330,https://www.duratexmadeira.com.br/assets/2024/03/Zen_Felipe-Savassi-copiar.png.webp
duratex,Tribus,330,https://www.duratexmadeira.com.br/assets/2024/03/Tribus_Denise-Zuba-1-1.png.webp
duratex,Trevi,330,https://www.duratexmadeira.com.br/assets/2024/03/Trevi_Acetinatta.png.webp
duratex,Tramas,330,https://www.duratexmadeira.com.br/assets/2024/03/Tramas_Carlos-Rossi-copiar-2.png.webp
duratex,Tape,330,https://www.duratexmadeira.com.br/assets/2025/02/Tape_274mX184m.png
duratex,Ruvia,330,https://www.duratexmadeira.com.br/assets/2025/02/Ruvia_274mX184m.png
duratex,Rialto,330,https://www.duratexmadeira.com.br/assets/2024/03/Rialto-final-copiar-590x370.png.webp
duratex,Lago,330,https://www.duratexmadeira.com.br/assets/2025/02/Lago_274mX184m.png
duratex,NexGeo,330,https://www.duratexmadeira.com.br/assets/2025/02/NEX-GEO-DURATEX-YOU.png
duratex,Bossa,330,https://www.duratexmadeira.com.br/assets/2025/02/Bossa_274mX184m.png
duratex,Preto - Linha Original,330,https://www.duratexmadeira.com.br/assets/2019/08/590x370-Preto_Original.jpg.webp
duratex,Itapuã,330,https://www.duratexmadeira.com.br/assets/2019/08/itapua-portoro-carbono-590x370px.jpg.webp
duratex,Nogueira Cadiz,330,https://www.duratexmadeira.com.br/assets/2019/08/nogueira-cadiz-arenito-verde-real-590x370px.jpg.webp
duratex,Carvalho Malva,330,https://www.duratexmadeira.com.br/assets/2024/03/CARVALHO-MALVA-copiar.png.webp
duratex,Freijó Imperial,330,https://www.duratexmadeira.com.br/assets/2025/02/freijo-imperial-590x370px-150dpi.png
guararapes,Guararapes,320,https://images.prismic.io/guararapes/039816ca-4e96-4737-a635-92445c6a89e1_guararapes-produtos-frameply.jpg?ixlib=gatsbyFP&auto=compress%2Cformat&fit=max&q=50
guararapes,MDF Noite,320,https://images.prismic.io/guararapes/4103262e-73bb-45f2-a7db-b1e701aa9d3c_guararapes-produtos-noite.png?ixlib=gatsbyFP&auto=compress%2Cformat&fit=max&q=50
guararapes,Guararapes Painéis de MDF,320,https://images.prismic.io/guararapes/cbfd85f1-a5b3-455d-a4d8-6377df0cae0d_guararapes-produtos-MDF-Cru.jpg?ixlib=gatsbyFP&auto=compress%2Cformat&fit=max&q=50
guararapes,MDF Carvalho Natural,320,https://images.prismic.io/guararapes/22709e32-d3db-4758-b4cf-c9ee7f2c6357_guararapes-produtos-carvalho-natural.jpg?ixlib=gatsbyFP&auto=compress%2Cformat&fit=max&q=50
guararapes,MDF Antiqua,320,https://images.prismic.io/guararapes/da43fc1c-e57c-4703-837f-52f484f9a122_guararapes-produtos-antiqua.jpg?ixlib=gatsbyFP&auto=compress%2Cformat&fit=max&q=50
guararapes,MDF Azul Marinho,320,https://images.prismic.io/guararapes/Z8IccZ7c43Q3gY8n_azul_mairnho_linha_aris_guararapes_780x454px.png?ixlib=gatsbyFP&auto=format%2Ccompress&fit=max&q=50
guararapes,MDF Bilbao,320,https://images.prismic.io/guararapes/c5af731d-d57c-4785-97ea-aca0386c445c_guararapes-produtos-bilbao.jpg?ixlib=gatsbyFP&auto=compress%2Cformat&fit=max&q=50
guararapes,MDF Salerno,320,https://images.prismic.io/guararapes/Z8X4whsAHJWomEKL_salerno_linha_madeiras_do_mundo_guararapes_690x490px.png?ixlib=gatsbyFP&auto=format%2Ccompress&fit=max&q=50
guararapes,MDF Nogal Sevilha,320,https://images.prismic.io/guararapes/cdf3d0f2-3bd2-4257-bec3-7a2fff1e08b7_guararapes-produtos-nogal.jpg?ixlib=gatsbyFP&auto=compress%2Cformat&fit=max&q=50
guararapes,MDF Alabama,320,https://images.prismic.io/guararapes/74eda531-8b30-43eb-908a-93bf56758d62_guararapes-produtos-alabama.jpg?ixlib=gatsbyFP&auto=compress%2Cformat&fit=max&q=50
guararapes,MDF Caribe,320,https://images.prismic.io/guararapes/72750514-9359-4988-80d3-2f7bdcf534ab_guararapes-produtos-caribe.jpg?ixlib=gatsbyFP&auto=compress%2Cformat&fit=max&q=50
guararapes,MDF Cipres,320,https://images.prismic.io/guararapes/429351bf-2ecb-46aa-a415-fa26f00731f9_guararapes-produtos-cipres.jpg?ixlib=gatsbyFP&auto=compress%2Cformat&fit=max&q=50
guararapes,MDF Lisboa,320,https://images.prismic.io/guararapes/5a55f9a1-9e6c-4183-9329-94d098613442_guararapes-produtos-lisboa.jpg?ixlib=gatsbyFP&auto=compress%2Cformat&fit=max&q=50
guararapes,MDF  Santorini,320,https://images.prismic.io/guararapes/edceeebe-ed4a-4d45-b741-b9c20531a16b_guararapes-produtos-santorini.jpg?ixlib=gatsbyFP&auto=compress%2Cformat&fit=max&q=50
guararapes,MDF Curupixá,320,https://images.prismic.io/guararapes/84d48b80-ed74-40af-ae58-f4403083655c_guararapes-produtos-corupixa.jpg?ixlib=gatsbyFP&auto=compress%2Cformat&fit=max&q=50
guararapes,MDF Teka Bianco,320,https://images.prismic.io/guararapes/63a4e11e-4d2f-4605-ba9c-3c177d15ecb0_guararapes-produtos-teka-bianco.jpg?ixlib=gatsbyFP&auto=compress%2Cformat&fit=max&q=50
guararapes,MDF Ônix,320,https://images.prismic.io/guararapes/8d7176e5-6c59-4561-8047-8694af525e52_guararapes-produtos-onix.jpg?ixlib=gatsbyFP&auto=compress%2Cformat&fit=max&q=50
guararapes,MDF Baviera,320,https://images.prismic.io/guararapes/094b844c-cf15-4293-ac68-f246bb97f842_guararapes-produtos-baviera.jpg?ixlib=gatsbyFP&auto=compress%2Cformat&fit=max&q=50
guararapes,MDF Ametista,320,https://images.prismic.io/guararapes/Z8Ik1Z7c43Q3gZBQ_ametista_linha_aris_guararapes_780x454px.png?ixlib=gatsbyFP&auto=format%2Ccompress&fit=max&q=50
guararapes,MDF Antuérpia,320,https://images.prismic.io/guararapes/9414d478-eb37-43fb-a886-a33a27cefea7_guararapes-produtos-antuerpia.jpg?ixlib=gatsbyFP&auto=compress%2Cformat&fit=max&q=50
guararapes,MDF Petra,320,https://images.prismic.io/guararapes/0cf3730b-bff7-4b5e-9bdd-b38c048f7277_Petra-e-Grafite.png?ixlib=gatsbyFP&auto=compress%2Cformat&fit=max&q=50
guararapes,MDF Nogal Champagne,320,https://images.prismic.io/guararapes/77603705-ec70-4bfa-bf5d-acb4efabb900_guararapes-produtos-nogal-champagne.jpg?ixlib=gatsbyFP&auto=compress%2Cformat&fit=max&q=50
guararapes,MDF Carvalho Capri,320,https://images.prismic.io/guararapes/Z8IavZ7c43Q3gY8P_carvalho_capri_linha_madeiras_geometricas_ripados_guararapes_690x490px.png?ixlib=gatsbyFP&auto=format%2Ccompress&fit=max&q=50
guararapes,MDF Cobre,320,https://images.prismic.io/guararapes/12e0d99d-8c9f-4d1f-91f0-3f052f79877d_guararapes-produtos-cobre.jpg?ixlib=gatsbyFP&auto=compress%2Cformat&fit=max&q=50
guararapes,MDF Fresno Açores,320,https://images.prismic.io/guararapes/Z8XzdBsAHJWomEHY_fresno_a%C3%A7ores_linha_madeias_mundo_guararapes_690x490px.png?ixlib=gatsbyFP&auto=format%2Ccompress&fit=max&q=50
guararapes,MDF Nero,320,https://images.prismic.io/guararapes/d51f1071-04f6-450d-a0bb-ec5a37cd2149_guararapes-produtos-nero.jpg?ixlib=gatsbyFP&auto=compress%2Cformat&fit=max&q=50
guararapes,MDF Savana,320,https://images.prismic.io/guararapes/99ce8fbc-8212-45fc-89eb-4bb67d799859_guararapes-produtos-savana.jpg?ixlib=gatsbyFP&auto=compress%2Cformat&fit=max&q=50
guararapes,MDF Capuccino,320,https://images.prismic.io/guararapes/0060846e-f527-4b58-9ccb-8d2986783f78_guararapes-produtos-capuccino.jpg?ixlib=gatsbyFP&auto=compress%2Cformat&fit=max&q=50
guararapes,MDF Nogueira Âmbar,320,https://images.prismic.io/guararapes/Z8X3yhsAHJWomEJ3_nogueira_ambar_linha_madeiras_do_mundo_guararapes_690x490px.png?ixlib=gatsbyFP&auto=format%2Ccompress&fit=max&q=50
guararapes,"As casas em estilo Art Nouveau da Costa Oeste portuguesa inspiraram o MDF Fresno Aveiro. Assim como as fachadas vibrantes das construções, que criam cenários românticos e pitorescos, o padrão da Guararapes compõe ambientes que unem o calor dos veios da madeira ao uso funcional e estético do material.   O padrão possui textura sincronizada, ou seja, os veios da madeira de fresno encaixam perfeitamente com os relevos da textura, proporcionando um efeito tátil e visual muito similar ao da madeira natural.",320,https://images.prismic.io/guararapes/Z8XwABsAHJWomEF8_fresno_avero_linha_madeias_mundo_guararapes_690x490px.png?ixlib=gatsbyFP&auto=format%2Ccompress&fit=max&q=50
guararapes,MDF Nogueira Rubi,320,https://images.prismic.io/guararapes/Z8X2ZxsAHJWomEJE_nogueira_rubi_linha_madeiras_do_mundo_guararapes_690x490px.png?ixlib=gatsbyFP&auto=format%2Ccompress&fit=max&q=50
guararapes,MDF Fresno Coimbra,320,https://images.prismic.io/guararapes/Z8XxjBsAHJWomEGr_fresno_coimbra_linha_madeias_mundo_guararapes_690x490px.png?ixlib=gatsbyFP&auto=format%2Ccompress&fit=max&q=50
guararapes,MDF Fresno Madeira,320,https://images.prismic.io/guararapes/Z8IpI57c43Q3gZDQ_fresno_madeira_linha_madeias_mundo_guararapes_780x454px.png?ixlib=gatsbyFP&auto=format%2Ccompress&fit=max&q=50
guararapes,MDF Araucária,320,https://images.prismic.io/guararapes/ff3d7e41-2d84-4646-bdce-84da916a63c7_guararapes-produtos-araucaria.png?ixlib=gatsbyFP&auto=compress%2Cformat&fit=max&q=50
guararapes,MDF Aura,320,https://images.prismic.io/guararapes/362bf0cc-b40d-4c1e-a13e-350bd6b0376a_Cena-30_Painel-com-TV_Aura_-Tear.png?ixlib=gatsbyFP&auto=compress%2Cformat&fit=max&q=50
guararapes,MDF Azul Ardósia,320,https://images.prismic.io/guararapes/b60dc2b8-a50e-4b9f-8964-99b9ce8c1af7_Cena%2028_Dormit%C3%B3rio%20de%20Solteiro_Azul%20Ard%C3%B3sia_%20Nogal%20Champagne.png?ixlib=gatsbyFP&auto=compress%2Cformat&fit=max&q=50
guararapes,MDF Cinza Urban,320,https://images.prismic.io/guararapes/b081ed7c-b40c-4f11-b60c-3eec52b983cd_guararapes-produtos-cinza-urban.jpg?ixlib=gatsbyFP&auto=compress%2Cformat&fit=max&q=50
guararapes,MDF Corten,320,https://images.prismic.io/guararapes/4d2650f0-8fe9-4dc4-87ca-f01190306f6f_guararapes-produtos-corten.jpg?ixlib=gatsbyFP&auto=compress%2Cformat&fit=max&q=50
guararapes,MDF Neblina,320,https://images.prismic.io/guararapes/eba99548-be11-45cf-b072-6ba3de5acdbf_guararapes-produtos-neblina.png?ixlib=gatsbyFP&auto=compress%2Cformat&fit=max&q=50
guararapes,MDF Areia,320,https://images.prismic.io/guararapes/007726a1-090c-4447-92ec-e66d97060ed0_guararapes-produtos-areia.jpg?ixlib=gatsbyFP&auto=compress%2Cformat&fit=max&q=50
guararapes,MDF Alecrim,320,https://images.prismic.io/guararapes/69e7098e-5c1d-409f-97c3-23e1e3f6475a_guararapes-produtos-alecrim.jpg?ixlib=gatsbyFP&auto=compress%2Cformat&fit=max&q=50
guararapes,Cinza Perfeito,320,"https://images.prismic.io/guararapes/a1b450b7-dd80-4e7a-afc8-de29e5795ae1_Cena-27_Quarto-Com-Escrit%C3%B3rio_Cinza-Perfeito_Tauari,-Tauari-Ripado.png?ixlib=gatsbyFP&auto=compress%2Cformat&fit=max&q=50"
guararapes,MDF Imbuia,320,https://images.prismic.io/guararapes/8d73625f-6cee-4f97-af74-a19d4c1ad5d1_guararapes-produtos-imbuia.jpg?ixlib=gatsbyFP&auto=compress%2Cformat&fit=max&q=50
guararapes,MDF Rosa Milkshake,320,https://images.prismic.io/guararapes/508038fe-fbbf-4c3c-8796-5595914d7a7b_guararapes-produtos-rosa-milkshake.jpg?ixlib=gatsbyFP&auto=compress%2Cformat&fit=max&q=50
guararapes,MDF Marmo,320,https://images.prismic.io/guararapes/9e3e22fd-4dfd-4071-8b26-84d12736b50a_guararapes-produtos-marmo.jpg?ixlib=gatsbyFP&auto=compress%2Cformat&fit=max&q=50
guararapes,MDF Freijó,320,https://images.prismic.io/guararapes/2da27337-8174-421f-aea3-bf77ebbeab15_guararapes-produtos-freijo.jpg?ixlib=gatsbyFP&auto=compress%2Cformat&fit=max&q=50
guararapes,MDF Bronze,320,https://images.prismic.io/guararapes/1eec2d49-bcc7-435b-9179-bfaccb963ad2_Cena-09_Ambiente-Sacada-Gourmet_Bronze-e-N%C3%ADquel.png?ixlib=gatsbyFP&auto=compress%2Cformat&fit=max&q=50
guararapes,MDF Fendi,320,https://images.prismic.io/guararapes/5f32be92-d606-444a-ad40-2c0b6f0588bd_guararapes-produtos-fendi.jpg?ixlib=gatsbyFP&auto=compress%2Cformat&fit=max&q=50
guararapes,MDF Nuvem,320,https://images.prismic.io/guararapes/287b553b-ca95-4e6f-b4e7-76b68c157200_mdf_nuvem_seo.jpg?ixlib=gatsbyFP&auto=compress%2Cformat&fit=max&q=50
guararapes,RUC Nuvem,320,https://images.prismic.io/guararapes/Zpgalx5LeNNTxPzK_RUC_Banner_principalhome_1788x1000.png?ixlib=gatsbyFP&auto=format%2Ccompress&fit=max&q=50
guararapes,MDF Sonora,320,https://images.prismic.io/guararapes/964c328d-81b7-40c7-985f-b7ff04ba3ecc_mdf_sonora_seo.jpg?ixlib=gatsbyFP&auto=compress%2Cformat&fit=max&q=50
guararapes,MDF Azul Petróleo,320,https://images.prismic.io/guararapes/fca2d7a7-ac87-4097-af0e-f96e4aa73547_guararapes-produtos-azul-petroleo.jpg?ixlib=gatsbyFP&auto=compress%2Cformat&fit=max&q=50
guararapes,MDF Tauari,320,https://images.prismic.io/guararapes/17790abf-f165-454f-b50d-b4e28069d927_guararapes-produtos-tauari.jpg?ixlib=gatsbyFP&auto=compress%2Cformat&fit=max&q=50
guararapes,MDF Grafite,320,https://images.prismic.io/guararapes/392862c6-e396-49cf-b657-fb7d8d33bacf_guararapes-produtos-grafite.jpg?ixlib=gatsbyFP&auto=compress%2Cformat&fit=max&q=50
guararapes,MDF Mangue,320,"https://images.prismic.io/guararapes/0562d955-0fd3-4840-9636-927c1e646211_Cena-26_Banheiro_Mangue_-Mageo-Imbuia,-Imbuia.png?ixlib=gatsbyFP&auto=compress%2Cformat&fit=max&q=50"
guararapes,MDF Gali,320,https://images.prismic.io/guararapes/35f8d3a1-da9d-40a7-aec2-44da2a006b05_Cena-34_Espa%C3%A7o-de-Leitura_Gali_-Mageo-Mel.png?ixlib=gatsbyFP&auto=compress%2Cformat&fit=max&q=50
guararapes,MDF Quartzo,320,https://images.prismic.io/guararapes/9be76ecc-fcfb-4982-bcbd-1c1b9e8166cd_guararapes-produtos-quartzo.jpg?ixlib=gatsbyFP&auto=compress%2Cformat&fit=max&q=50
guararapes,MDF Jaspe,320,"https://images.prismic.io/guararapes/d2a5bca3-fd66-4dbf-b3dd-2860f4563a85_Cena-31_Arm%C3%A1rio-Buffet_Jaspe_-Mageo-Carvalho,-Carvalho-Natural.png?ixlib=gatsbyFP&auto=compress%2Cformat&fit=max&q=50"
guararapes,MDF Maxi Branco,320,https://images.prismic.io/guararapes/1c9f39b4-e891-4b8e-9373-bcb2a2ddd761_guararapes-produtos-maxi-branco.jpg?ixlib=gatsbyFP&auto=compress%2Cformat&fit=max&q=50
guararapes,MDF Mageo Imbuia,320,https://images.prismic.io/guararapes/96f89fff-b1b1-46fa-b7dc-962b1d66dac7_mageo-imbuia-seo.png?ixlib=gatsbyFP&auto=compress%2Cformat&fit=max&q=50
guararapes,MDF Marsala,320,https://images.prismic.io/guararapes/e68d3cdf-075a-4bef-9eb0-e3225476d1a6_guararapes-produtos-marsala.jpg?ixlib=gatsbyFP&auto=compress%2Cformat&fit=max&q=50
guararapes,MDF Curupixá Ripado,320,"https://images.prismic.io/guararapes/0af2318e-9bff-4ec2-95a0-ede3074f88b9_Cena-29_Sala_Erva-Mate_-Curupix%C3%A1,-Curupix%C3%A1-Ripado.png?ixlib=gatsbyFP&auto=compress%2Cformat&fit=max&q=50"
guararapes,MDF Erva Mate,320,"https://images.prismic.io/guararapes/0af2318e-9bff-4ec2-95a0-ede3074f88b9_Cena-29_Sala_Erva-Mate_-Curupix%C3%A1,-Curupix%C3%A1-Ripado.png?ixlib=gatsbyFP&auto=compress%2Cformat&fit=max&q=50"
guararapes,RUC Brisa,320,https://images.prismic.io/guararapes/Zpgalx5LeNNTxPzK_RUC_Banner_principalhome_1788x1000.png?ixlib=gatsbyFP&auto=format%2Ccompress&fit=max&q=50
guararapes,MDF Floresta,320,https://images.prismic.io/guararapes/83967903-655c-46bb-8d76-fc83aa4191aa_Guararapes_Floresta_ChapaThumb-690x490px.png?ixlib=gatsbyFP&auto=compress%2Cformat&fit=max&q=50
guararapes,MDF Crômio,320,https://images.prismic.io/guararapes/8c16b424-4985-4eef-9e3e-f4c5b07b005b_mdf_cromio_seo.jpg?ixlib=gatsbyFP&auto=compress%2Cformat&fit=max&q=50
guararapes,MDF São Paulo,320,https://images.prismic.io/guararapes/308361ab-e021-41f6-b638-9bf994ff91b9_if-award-2022-sao_paulo-guararapes_ambiente.jpg?ixlib=gatsbyFP&auto=compress%2Cformat&fit=max&q=50
guararapes,MDF Branco Iceland,320,https://images.prismic.io/guararapes/091b7af4-8a1e-43b7-b215-a3cd6736e7e5_guararapes-produtos-branco-iceland.jpg?ixlib=gatsbyFP&auto=compress%2Cformat&fit=max&q=50
guararapes,MDF Mageo Carvalho,320,https://images.prismic.io/guararapes/52f5209f-ccbf-4227-bc3d-d1db054ac001_mageo-carvalho-seo.png?ixlib=gatsbyFP&auto=compress%2Cformat&fit=max&q=50
guararapes,MDF Cosmos,320,https://images.prismic.io/guararapes/be139cd0-6ac4-4eb9-b589-266b9c16f87a_guararapes-produtos-cosmos.jpg?ixlib=gatsbyFP&auto=compress%2Cformat&fit=max&q=50
guararapes,MDF Níquel,320,https://images.prismic.io/guararapes/7df633dd-75b1-49af-92d5-dd002796e992_guararapes-produtos-niquel.jpg?ixlib=gatsbyFP&auto=compress%2Cformat&fit=max&q=50
guararapes,MDF Lume,320,https://images.prismic.io/guararapes/3579686e-c145-48eb-afd1-fd8c4f0bd45b_mdf_lumeo_seo.jpg?ixlib=gatsbyFP&auto=compress%2Cformat&fit=max&q=50
guararapes,MDF Platina,320,https://images.prismic.io/guararapes/660e6e5e-b027-4e3a-ad11-5df93012dbb4_Cena-32_Cozinha_Platina_-Savana.png?ixlib=gatsbyFP&auto=compress%2Cformat&fit=max&q=50
guararapes,MDF Brisa,320,https://images.prismic.io/guararapes/5be1241e-613a-4ec9-8dd3-f78fb60dcb8d_mdf_brisa_seo.jpg?ixlib=gatsbyFP&auto=compress%2Cformat&fit=max&q=50
guararapes,MDF Pau-Ferro,320,https://images.prismic.io/guararapes/bc0c3d3c-2aac-4777-94af-fed96ef96e4c_guararapes-produtos-pau-ferro.jpg?ixlib=gatsbyFP&auto=compress%2Cformat&fit=max&q=50
guararapes,MDF Peroba,320,https://images.prismic.io/guararapes/bd110991-bee9-4285-aae2-7bc84624c5c1_mdf_peroba_seo.jpg?ixlib=gatsbyFP&auto=compress%2Cformat&fit=max&q=50
guararapes,MDF Mageo Mel,320,https://images.prismic.io/guararapes/30eecaf8-b896-4646-a841-cf59917b5e8c_mageo-mel-seo.png?ixlib=gatsbyFP&auto=compress%2Cformat&fit=max&q=50
guararapes,MDF Preto Silk,320,https://images.prismic.io/guararapes/db7f652d-c55a-4fb5-9d13-9e285ea8267c_guararapes-produtos-preto-silk.jpg?ixlib=gatsbyFP&auto=compress%2Cformat&fit=max&q=50
guararapes,MDF Fontana,320,https://images.prismic.io/guararapes/093ca4bb-5ae5-4506-9b3b-13a961403d88_guararapes-produtos-fontana.jpg?ixlib=gatsbyFP&auto=compress%2Cformat&fit=max&q=50
guararapes,MDF Terrino,320,https://images.prismic.io/guararapes/848d39ec-1702-4907-bf01-d95c9332ce4c_Cena-25_Lavanderia_Terrino_-Arauc%C3%A1ria.png?ixlib=gatsbyFP&auto=compress%2Cformat&fit=max&q=50
guararapes,MDF Tauari Ripado,320,"https://images.prismic.io/guararapes/a1b450b7-dd80-4e7a-afc8-de29e5795ae1_Cena-27_Quarto-Com-Escrit%C3%B3rio_Cinza-Perfeito_Tauari,-Tauari-Ripado.png?ixlib=gatsbyFP&auto=compress%2Cformat&fit=max&q=50"
guararapes,MDF Tear,320,https://images.prismic.io/guararapes/362bf0cc-b40d-4c1e-a13e-350bd6b0376a_Cena-30_Painel-com-TV_Aura_-Tear.png?ixlib=gatsbyFP&auto=compress%2Cformat&fit=max&q=50
guararapes,MDF Tecno,320,https://images.prismic.io/guararapes/e12c0f90-8592-4593-8e2e-749175e3f2c5_Cena-33_Escrit%C3%B3rio_Tecno_-Alabama.png?ixlib=gatsbyFP&auto=compress%2Cformat&fit=max&q=50
guararapes,MDF Tela,320,https://images.prismic.io/guararapes/a5c553e6-2065-4a5d-99c4-17fbf6aa02ee_guararapes-produtos-tela.jpg?ixlib=gatsbyFP&auto=compress%2Cformat&fit=max&q=50
guararapes,RUC Tauari,320,https://images.prismic.io/guararapes/17790abf-f165-454f-b50d-b4e28069d927_guararapes-produtos-tauari.jpg?ixlib=gatsbyFP&auto=compress%2Cformat&fit=max&q=50
guararapes,MDF Tijolo,320,https://images.prismic.io/guararapes/f12d8de0-46f5-46a4-aad8-5ec170aefcc7_guararapes-produtos-tijolo.jpg?ixlib=gatsbyFP&auto=compress%2Cformat&fit=max&q=50
guararapes,RUC Lume,320,https://images.prismic.io/guararapes/Zpgalx5LeNNTxPzK_RUC_Banner_principalhome_1788x1000.png?ixlib=gatsbyFP&auto=format%2Ccompress&fit=max&q=50
berneck,Terrazza,315,https://www.berneck.com.br/uploads/terrazza_micro_b9667e501e.jpg
berneck,Amantea,315,https://www.berneck.com.br/uploads/amantea_tatto_8f02785d2e.jpg
berneck,Argento,315,https://www.berneck.com.br/uploads/argento_rust_6c5a051e9f.jpg
berneck,Azul Tx,315,https://www.berneck.com.br/uploads/azul_tx_1154x2500_BNK_2_95169e489d.png
berneck,Azul Vel,315,https://www.berneck.com.br/uploads/azul_tx_68bb2af628.jpg
berneck,Barrique,315,https://www.berneck.com.br/uploads/barrique_tatto_ec460148c1.jpg
berneck,Bege,315,https://www.berneck.com.br/uploads/ovo_1ba7af9388.jpg
berneck,Branco Vel,315,https://www.berneck.com.br/uploads/branco_vel_site_705b5c43df.jpg
berneck,Branco Design,315,https://www.berneck.com.br/uploads/branco_design_site_afe070a913.jpg
berneck,Carvalho Treviso,315,https://www.berneck.com.br/uploads/carvalho_treviso_design_3363fea16f.jpg
berneck,Cacau,315,https://www.berneck.com.br/uploads/cacau_grann_68ef871298.jpg
berneck,Castaine,315,https://www.berneck.com.br/uploads/castaine_tatto_45845eb650.jpg
berneck,Chiaro,315,https://www.berneck.com.br/uploads/chiaro_vel_ec6e9ca7b0.jpg
berneck,Chumbo,315,https://www.berneck.com.br/uploads/chumbo_micro_f278e3444a.jpg
berneck,Cinamomo,315,https://www.berneck.com.br/uploads/cinamomo_grann_e1b0c5003d.jpg
berneck,Cinza Argila,315,https://www.berneck.com.br/uploads/cinza_argila_6ecd68197b.jpg
berneck,Cinza Cobalto Tx,315,https://www.berneck.com.br/uploads/cinza_cobalto_tx_5e67af837c.jpg
berneck,Cinza Cobalto Vel,315,https://www.berneck.com.br/uploads/cinza_cobalto_0b03191755.jpg
berneck,Cinza Cristal,315,https://www.berneck.com.br/uploads/cinza_cristal_380f09958a.jpg
berneck,Faia,315,https://www.berneck.com.br/uploads/faia_grann_cfecbe4e63.jpg
berneck,Frassino Almendra,315,https://www.berneck.com.br/uploads/frassino_almendra_poro_e96c932956.jpg
berneck,Galiano,315,https://www.berneck.com.br/uploads/galiano_grann_0e63706b41.jpg
berneck,Gengibre,315,https://www.berneck.com.br/uploads/gengibre_tatto_453addace6.jpg
berneck,Griseo,315,https://www.berneck.com.br/uploads/griseo_grann_0f46925cf5.jpg
berneck,Italian Noce,315,https://www.berneck.com.br/uploads/italian_noce_poro_c04d351180.jpg
berneck,Linen Grigio,315,https://www.berneck.com.br/uploads/linen_grigio_vel_aa73b4e884.jpg
berneck,Louro Freijó,315,https://www.berneck.com.br/uploads/louro_freijo_grann_6cdce7a2c6.jpg
berneck,Louro Preto,315,https://www.berneck.com.br/uploads/louro_preto_grann_1fd4bd779e.jpg
berneck,Metallic Suede,315,https://www.berneck.com.br/uploads/metallic_suede_tx_89ed7dbab7.jpg
berneck,Millennial,315,https://www.berneck.com.br/uploads/millennial_micro_dd79ae0b70.jpg
berneck,Mostrato,315,https://www.berneck.com.br/uploads/mostrato_micro_af2b1770b7.jpg
berneck,Nero,315,https://www.berneck.com.br/uploads/nero_ee4755f5de.jpg
berneck,Nogal Málaga,315,https://www.berneck.com.br/uploads/nogal_malaga_design_d089f52c3f.jpg
berneck,Nogal Sevilha,315,https://www.berneck.com.br/uploads/nogal_sevilha_poro_37774531c5.jpg
berneck,Nude,315,https://www.berneck.com.br/uploads/nude_vel_096d83cbc2.jpg
berneck,Peroba,315,https://www.berneck.com.br/uploads/peroba_tatto_57b25f1510.jpg
berneck,Preto Tx,315,https://www.berneck.com.br/uploads/preto_tx_739df20ff6.jpg
berneck,Provence,315,https://www.berneck.com.br/uploads/provence_tatto_9e4de8b768.jpg
berneck,Ruggine,315,https://www.berneck.com.br/uploads/ruggine_tx_80654f7679.jpg
berneck,Sky,315,https://www.berneck.com.br/uploads/sky_vel_ee19d4368d.jpg
berneck,Solanum,315,https://www.berneck.com.br/uploads/solanum_grann_6b1721945e.jpg
berneck,Verti,315,https://www.berneck.com.br/uploads/verti_micro_94ac943f83.jpg
berneck,Volakas,315,https://www.berneck.com.br/uploads/volakas_micro_981718bf17.jpg
berneck,Roble Catedral,315,https://www.berneck.com.br/uploads/roble_catedral_grann_d97ef5e3d6.jpg
berneck,Lana,315,https://www.berneck.com.br/uploads/lana_vel_bc0f2d76dc.jpg
berneck,Basalto,315,https://www.berneck.com.br/uploads/basalto_rust_0eab6abe04.jpg
berneck,Ópera,315,https://www.berneck.com.br/uploads/opera_micro_54a3e8c7be.jpg
berneck,Carvalho Japandi,315,https://www.berneck.com.br/uploads/carvalho_japandi_5706b23338.jpg
berneck,Ceramik,315,https://www.berneck.com.br/uploads/ceramik_micro_novo_a51141549e.jpg
berneck,Branco Micro,315,https://www.berneck.com.br/uploads/super_white_site_0055b9b92b.jpg
berneck,Taupe,315,https://www.berneck.com.br/uploads/TAUPE_f13dc119a5.jpg
berneck,Baru,315,https://www.berneck.com.br/uploads/BARU_fb464549c2.jpg
berneck,Nogal Artezzano,315,https://www.berneck.com.br/uploads/NOGAL_ARTEZZANO_f32eee6559.jpg
berneck,Super White,315,https://www.berneck.com.br/uploads/BRANCO_TX_008ae07471.jpg
berneck,Crômio | Linha Smart,315,https://www.berneck.com.br/uploads/BERNECK_CROMIO_VEL_ALTA_9bab90464c.jpg
berneck,Desert | Linha Smart,315,https://www.berneck.com.br/uploads/BERNECK_DESERT_VEL_ALTA_f8379f647d.jpg
berneck,Pecan | Linha Smart,315,https://www.berneck.com.br/uploads/BERNECK_PECAN_VEL_ALTA_8296cd6ed2.jpg
berneck,Gelo | Linha Smart,315,https://www.berneck.com.br/uploads/BERNECK_GELO_VEL_ALTA_afb5aec14f.jpg
berneck,Gold | Coleção Horizontes,315,https://www.berneck.com.br/uploads/Gold_Colecao_Horizontes_Berneck_d1edf2dd2f.jpg
berneck,Dust | Coleção Horizontes,315,https://www.berneck.com.br/uploads/BERNECK_DUST_ALUMI_096fe6bd9f.jpg
berneck,Plomo | Coleção Horizontes,315,https://www.berneck.com.br/uploads/BERNECK_PLOMO_ALUMI_b809cb057e.jpg
berneck,Latte | Coleção Horizontes,315,https://www.berneck.com.br/uploads/Padrao_BNK_LATTE_MICRO_2386561bc2.jpg
berneck,Parquet | Coleção Horizontes,315,https://www.berneck.com.br/uploads/BERNECK_PARQUET_GRANN_9fb862183c.jpg
berneck,Tabasco | Coleção Horizontes,315,https://www.berneck.com.br/uploads/Padrao_BNK_TABASCO_MICRO_0a571bd776.jpg
berneck,Veneer | Coleção Horizontes,315,https://www.berneck.com.br/uploads/Padrao_BNK_VENEER_GRANN_1b0179d515.jpg
berneck,Tangará | Coleção Horizontes,315,https://www.berneck.com.br/uploads/Padrao_BNK_TANGARA_MICRO_3414d90ba8.jpg
berneck,Falésia | Coleção Horizontes,315,https://www.berneck.com.br/uploads/BERNECK_FALESIA_VEL_8e453289a4.jpg
berneck,Branco Tx,315,https://www.berneck.com.br/uploads/branco_tx_background_3_652f495da2.jpg
berneck,Preto Design,315,https://www.berneck.com.br/uploads/Preto_Design_3d5b20ac3b.jpg